,id,cast,qpos,lons,lats,juld
0,2900129.0,128.0,1.0,104.484,-64.201,21980.86159724
1,2900129.0,129.0,1.0,104.484,-64.214,21987.8538078666
2,2900129.0,130.0,1.0,104.402,-64.136,21994.8858217597
3,2900129.0,131.0,1.0,103.579,-63.976,22001.931076407403
4,2900129.0,132.0,1.0,103.507,-63.895,22008.9414467812
5,2900129.0,133.0,1.0,103.156,-63.821,22015.96875
6,2900129.0,134.0,1.0,102.951,-63.687,22022.9884490371
7,2900129.0,135.0,1.0,102.696,-63.439,22030.1122916713
8,2900129.0,136.0,8.0,101.785468846679,-63.3459286712671,22037.107083335497
9,2900129.0,139.0,8.0,99.0554437871569,-63.0668750015083,22058.079409718503
10,2900129.0,138.0,8.0,99.966121083225,-63.1599612684447,22051.083495371
11,2900129.0,127.0,1.0,104.628,-64.188,21973.8736226559
12,2900129.0,140.0,8.0,98.1479304102911,-62.9741121393923,22065.0510185212
13,2900129.0,141.0,1.0,97.237,-62.881,22072.0488773175
14,2900129.0,142.0,1.0,96.935,-62.905,22079.0930324122
15,2900129.0,147.0,8.0,96.3191971447374,-63.1758700397135,22114.0338078737
16,2900129.0,144.0,8.0,96.6887494771517,-63.0133169529556,22093.065335646297
17,2900129.0,145.0,8.0,96.5654623545272,-63.0675466264884,22100.060671299703
18,2900129.0,146.0,8.0,96.4424612171907,-63.1216505051411,22107.039780091494
19,2900129.0,137.0,8.0,100.874957278756,-63.2528593444854,22044.1017245427
20,2900129.0,143.0,8.0,96.81151990906,-62.9593145535148,22086.099317126
21,2900129.0,109.0,8.0,107.575534535551,-63.3113173291302,21847.6947801113
22,2900129.0,125.0,1.0,104.669,-64.226,21959.828125
23,2900129.0,148.0,8.0,96.1960809605745,-63.230024523423,22121.019444445097
24,2900129.0,103.0,8.0,108.615756803206,-63.5829975861294,21805.7737384439
25,2900129.0,104.0,8.0,108.442752314963,-63.5378131046108,21812.7458333373
26,2900129.0,105.0,8.0,108.269501411553,-63.4925642655623,21819.7278587818
27,2900129.0,106.0,8.0,108.095901849776,-63.4472243655957,21826.7239351869
28,2900129.0,107.0,8.0,107.922608727727,-63.4019645000858,21833.707662046
29,2900129.0,108.0,8.0,107.749069765855,-63.3566404273114,21840.7012962699
30,2900129.0,110.0,8.0,107.402544407116,-63.2661365980374,21854.6662963033
31,2900129.0,111.0,8.0,107.229284026143,-63.2208852836845,21861.6487036943
32,2900129.0,112.0,8.0,107.055732139111,-63.1755578351789,21868.6428588033
33,2900129.0,126.0,1.0,104.492,-64.175,21966.8176620603
34,2900129.0,113.0,8.0,106.882593817262,-63.1303383996417,21875.6203472018
35,2900129.0,115.0,1.0,106.848,-63.105,21889.7866782546
36,2900129.0,116.0,1.0,106.73,-63.147,21896.789664328106
37,2900129.0,117.0,1.0,106.633,-63.222,21903.8013310432
38,2900129.0,118.0,1.0,106.636,-63.102,21910.790000021498
39,2900129.0,119.0,1.0,106.902,-63.138,21917.7973032594
40,2900129.0,120.0,1.0,106.51,-63.418,21924.8172801137
41,2900129.0,121.0,1.0,106.401,-63.646,21931.8288078904
42,2900129.0,122.0,1.0,106.353,-63.653,21938.8140740991
43,2900129.0,123.0,1.0,105.949,-63.901,21945.8210879564
44,2900129.0,124.0,1.0,105.096,-64.261,21952.815509319295
45,2900129.0,114.0,1.0,106.709,-63.085,21882.6161921024
46,2900129.0,149.0,8.0,96.0728083209014,-63.2842478264143,22128.0139583331
47,2900129.0,187.0,8.0,92.4404418999256,-63.8646649784052,22394.654398143302
48,2900129.0,151.0,8.0,95.826611241766,-63.3925412713583,22141.983229160294
49,2900129.0,178.0,1.0,91.512,-64.016,22331.4357754588
50,2900129.0,179.0,1.0,91.82,-63.888,22338.450104147203
51,2900129.0,181.0,1.0,92.029,-63.927,22352.4838426113
52,2900129.0,182.0,1.0,92.328,-63.98,22359.5247917175
53,2900129.0,183.0,1.0,92.664,-63.81,22366.5516319871
54,2900129.0,184.0,1.0,92.755,-63.756,22373.5706597567
55,2900129.0,185.0,1.0,92.84,-63.799,22380.6069096923
56,2900129.0,186.0,8.0,92.6395808083003,-63.8319376926472,22387.6531597376
57,2900129.0,102.0,8.0,108.789333675332,-63.6283315601218,21798.778576433702
58,2900129.0,188.0,8.0,92.241840253815,-63.897303968331,22401.6367477179
59,2900129.0,189.0,8.0,92.0427734405295,-63.9300194056933,22408.635451436003
60,2900129.0,190.0,8.0,91.8441517162974,-63.9626616953379,22415.6185069084
61,2900129.0,191.0,8.0,91.6450700889736,-63.9953795672986,22422.617731452003
62,2900129.0,192.0,8.0,91.4466554323499,-64.0279878266232,22429.5935069323
63,2900129.0,193.0,8.0,91.247634051258,-64.0606957974769,22436.5906133652
64,2900129.0,194.0,8.0,91.0491390668889,-64.0933172581849,22443.5692129731
65,2900129.0,195.0,8.0,90.8500732419955,-64.1260325331108,22450.567881941803
66,2900129.0,196.0,8.0,90.65182582224,-64.1586133080587,22457.537777781497
67,2900129.0,197.0,8.0,90.4527520952857,-64.1913298816411,22464.5367245674
68,2900129.0,198.0,8.0,90.2544595756235,-64.2239180684882,22471.5082060099
69,2900129.0,225.0,1.0,84.875,-65.108,22660.6368865371
70,2900129.0,177.0,1.0,91.648,-64.076,22324.4388541579
71,2900129.0,176.0,1.0,92.234,-64.106,22317.4188078642
72,2900129.0,175.0,1.0,92.442,-64.27,22310.4171990752
73,2900129.0,174.0,1.0,93.315,-64.371,22303.403449088302
74,2900129.0,152.0,8.0,95.7034187679725,-63.4467293121959,22148.973194420298
75,2900129.0,153.0,8.0,95.5801722383981,-63.5009411302722,22155.966226816203
76,2900129.0,154.0,8.0,95.4572051658143,-63.5550300250371,22162.943402767203
77,2900129.0,155.0,8.0,95.3339600627956,-63.6092412156217,22169.936354219903
78,2900129.0,156.0,8.0,95.2111306802437,-63.6632695453793,22176.9057176113
79,2900129.0,157.0,8.0,95.0878939422256,-63.717477056494,22183.8981944323
80,2900129.0,158.0,8.0,94.9646892292492,-63.7716704809181,22190.888854146
81,2900129.0,159.0,8.0,94.8413929267119,-63.825904192372,22197.884710669503
82,2900129.0,160.0,8.0,94.7184136170454,-63.8799984697996,22204.862580955
83,2900129.0,161.0,8.0,94.5934105823019,-63.9349829127848,22211.9552778006
84,2900129.0,150.0,8.0,95.9498853097671,-63.3383173400957,22134.988634228703
85,2900129.0,162.0,8.0,94.4704855311622,-63.9890533237928,22218.9300694466
86,2900129.0,164.0,8.0,94.2240481591947,-64.097452465111,22232.9129745364
87,2900129.0,165.0,8.0,94.0995240795974,-64.1522262325555,22239.9084954262
88,2900129.0,166.0,1.0,93.975,-64.207,22247.0440162085
89,2900129.0,167.0,8.0,93.9619298308712,-64.3683663188588,22254.182083338503
90,2900129.0,168.0,1.0,93.949,-64.528,22261.2435069382
91,2900129.0,169.0,8.0,93.7882470367144,-64.5041847461799,22268.2648147941
92,2900129.0,170.0,1.0,93.625,-64.48,22275.395057857
93,2900129.0,171.0,1.0,93.866,-64.351,22282.412071764506
94,2900129.0,172.0,1.0,93.947,-64.357,22289.4041435122
95,2900129.0,173.0,1.0,93.727,-64.4,22296.4154513776
96,2900129.0,163.0,8.0,94.3471341538718,-64.0433112606956,22225.9290509224
97,2900129.0,101.0,8.0,108.962342758893,-63.6735172418234,21791.8062963486
98,2900129.0,63.0,1.0,113.8,-64.381,21525.6316667199
99,2900129.0,99.0,8.0,109.309373010851,-63.764152936684,21777.8209490776
100,2900129.0,27.0,1.0,120.345,-64.629,21273.038043983302
101,2900129.0,28.0,1.0,120.036,-64.627,21280.0218865741
102,2900129.0,29.0,1.0,119.945,-64.555,21287.0526388921
103,2900129.0,30.0,1.0,119.84,-64.631,21294.0715509281
104,2900129.0,31.0,1.0,120.034,-64.579,21301.077696763
105,2900129.0,32.0,1.0,120.082,-64.593,21308.084641210706
106,2900129.0,33.0,8.0,120.041862616633,-64.5450358268759,21315.098414354
107,2900129.0,34.0,8.0,120.001831009552,-64.4971980564145,21322.0937037095
108,2900129.0,35.0,8.0,119.961916902334,-64.4495006982893,21329.068460650706
109,2900129.0,36.0,8.0,119.92189768109,-64.4016777289031,21336.0615856536
110,2900129.0,37.0,1.0,119.882,-64.354,21343.0334722251
111,2900129.0,38.0,1.0,119.908,-64.308,21350.2147569358
112,2900129.0,39.0,8.0,119.692364395552,-64.275385296829,21357.345914363897
113,2900129.0,40.0,8.0,119.48090723602,-64.2434025799248,21364.3388889134
114,2900129.0,41.0,8.0,119.27018329199,-64.2115307612464,21371.3076157272
115,2900129.0,42.0,8.0,119.058944172465,-64.179581022709,21378.2933796048
116,2900129.0,43.0,8.0,118.847485262849,-64.1475980411061,21385.286412030506
117,2900129.0,44.0,8.0,118.636447033008,-64.115678686964,21392.2655324042
118,2900129.0,45.0,8.0,118.424970624318,-64.0836930586409,21399.259143531297
119,2900129.0,46.0,8.0,118.213927495676,-64.0517729635593,21406.238425910506
120,2900129.0,47.0,8.0,118.002480135554,-64.0197917288076,21413.2310763896
121,2900129.0,26.0,1.0,120.352,-64.446,21266.0187615752
122,2900129.0,48.0,8.0,117.791421257024,-63.9878692515688,21420.210879623897
123,2900129.0,24.0,1.0,120.044,-63.842,21251.9882059693
124,2900129.0,22.0,1.0,119.423,-63.905,21237.843912065
125,2900129.0,1.0,8.0,119.58,-65.03,21091.149699077
126,2900129.0,2.0,8.0,119.506701449288,-64.9452773027857,21098.0928125009
127,2900129.0,3.0,8.0,119.433408274824,-64.8605608197491,21105.0354166664
128,2900129.0,4.0,8.0,119.360052296307,-64.775771744162,21111.9839698672
129,2900129.0,5.0,8.0,119.286637177959,-64.6909143113444,21118.938125014294
130,2900129.0,6.0,8.0,119.213221083021,-64.6060557497266,21125.8923726678
131,2900129.0,7.0,8.0,119.13980291031,-64.521194786498,21132.8468171358
132,2900129.0,8.0,8.0,119.066222960682,-64.4361468321685,21139.8165857196
133,2900129.0,9.0,8.0,118.992668426973,-64.3511282550268,21146.7839468122
134,2900129.0,10.0,8.0,118.91883811628,-64.2657909189222,21153.7774305344
135,2900129.0,11.0,8.0,118.845312662599,-64.1808059541543,21160.742037057906
136,2900129.0,12.0,8.0,118.771490538409,-64.0954780804837,21167.7347453237
137,2900129.0,13.0,8.0,118.697883096346,-64.0103983488099,21174.707118094
138,2900129.0,14.0,1.0,118.624,-63.925,21181.705601871003
139,2900129.0,15.0,1.0,118.78,-63.735,21188.839120388
140,2900129.0,16.0,1.0,119.206,-63.783,21195.821388900305
141,2900129.0,17.0,1.0,119.328,-63.934,21202.8307291865
142,2900129.0,18.0,1.0,118.62,-63.821,21209.829895854
143,2900129.0,19.0,1.0,118.284,-63.584,21216.843043983
144,2900129.0,20.0,1.0,119.549,-63.477,21223.8349189758
145,2900129.0,21.0,1.0,119.219,-63.835,21230.8352893591
146,2900129.0,23.0,1.0,120.461,-63.843,21244.937060236894
147,2900129.0,100.0,8.0,109.135897518183,-63.7188454404915,21784.8120254874
148,2900129.0,49.0,8.0,117.579983346655,-63.9558894460843,21427.2032175958
149,2900129.0,51.0,8.0,117.157241219721,-63.8919500561901,21441.183472231
150,2900129.0,78.0,1.0,113.275,-64.796,21630.8828935027
151,2900129.0,79.0,1.0,113.272,-64.703,21637.9433796406
152,2900129.0,80.0,1.0,113.152,-64.734,21644.991122663
153,2900129.0,81.0,1.0,112.732,-64.728,21652.0233796295
154,2900129.0,82.0,1.0,112.257,-64.534,21659.0313425921
155,2900129.0,83.0,8.0,112.083711473268,-64.488741334673,21666.0148842596
156,2900129.0,84.0,8.0,111.908143174309,-64.4428872493824,21673.0903009325
157,2900129.0,85.0,8.0,111.734566301629,-64.3975532752452,21680.0854629651
158,2900129.0,86.0,8.0,111.561541421944,-64.3523634679879,21687.0583796352
159,2900129.0,87.0,8.0,111.387956507738,-64.3070273936036,21694.0538657419
160,2900129.0,88.0,8.0,111.215046219877,-64.2618675148886,21701.0221643522
161,2900129.0,89.0,8.0,111.041463890305,-64.2165321155464,21708.017546298
162,2900129.0,90.0,8.0,110.868466007412,-64.1713493591816,21714.9893749952
163,2900129.0,91.0,8.0,110.695716262695,-64.1262314103542,21721.9512037039
164,2900129.0,92.0,8.0,110.522239335379,-64.0809235394672,21728.9423379302
165,2900129.0,93.0,8.0,110.348686297668,-64.0355957904327,21735.936539411498
166,2900129.0,94.0,8.0,110.175849821712,-63.9904551895566,21742.9018633962
167,2900129.0,95.0,8.0,110.00286773471,-63.9452765586867,21749.8730555177
168,2900129.0,96.0,8.0,109.829421823932,-63.8999767885505,21756.862939775
169,2900129.0,97.0,8.0,109.656179821268,-63.854730274156,21763.8446065187
170,2900129.0,98.0,8.0,109.482708063128,-63.8094237533295,21770.8355324268
171,2900129.0,77.0,1.0,113.414,-64.698,21623.8850810528
172,2900129.0,50.0,8.0,117.368769775525,-63.9239435717202,21434.1881365776
173,2900129.0,76.0,1.0,113.07,-64.693,21616.8723031878
174,2900129.0,74.0,1.0,113.148,-64.613,21602.8682175875
175,2900129.0,52.0,1.0,116.946,-63.86,21448.169305563
176,2900129.0,53.0,8.0,116.576126082486,-63.8703662600471,21455.2833564878
177,2900129.0,54.0,8.0,116.213652002001,-63.8805251287878,21462.2550810277
178,2900129.0,55.0,8.0,115.844795058281,-63.89086288665,21469.3495717645
179,2900129.0,56.0,8.0,115.477695854394,-63.9011513812704,21476.4102546275
180,2900129.0,57.0,8.0,115.109349201948,-63.9114748374697,21483.4949305654
181,2900129.0,58.0,8.0,114.740726944491,-63.9218060179045,21490.5849074125
182,2900129.0,59.0,1.0,114.377,-63.932,21497.5807291865
183,2900129.0,60.0,1.0,113.987,-64.263,21504.6129860878
184,2900129.0,61.0,1.0,113.836,-64.261,21511.6184953451
185,2900129.0,62.0,1.0,113.845,-64.271,21518.6105092168
186,2900129.0,64.0,8.0,113.737408790468,-64.4986714739198,21532.7203703523
187,2900129.0,65.0,1.0,113.675,-64.616,21539.7884142995
188,2900129.0,66.0,1.0,113.563,-64.665,21546.7997569442
189,2900129.0,67.0,1.0,113.424,-64.63,21553.8119792342
190,2900129.0,68.0,1.0,113.511,-64.582,21560.8187615871
191,2900129.0,69.0,1.0,113.458,-64.529,21567.8316550851
192,2900129.0,70.0,1.0,113.193,-64.53,21574.8472337723
193,2900129.0,71.0,1.0,113.428,-64.503,21581.829444468
194,2900129.0,72.0,1.0,113.619,-64.489,21588.842465281497
195,2900129.0,73.0,1.0,113.92,-64.621,21595.8735995293
196,2900129.0,75.0,1.0,113.227,-64.618,21609.8845139146
197,2900129.0,25.0,1.0,120.251,-63.893,21259.0017476853
198,2900129.0,180.0,1.0,91.943,-63.982,22345.4580208361
199,2900114.0,162.0,1.0,85.559,-60.835,22220.2276273072
200,2900114.0,192.0,1.0,100.017,-58.039,22431.1718171388
201,2900114.0,193.0,1.0,100.117,-57.515,22438.2020370364
202,2900114.0,194.0,1.0,100.207,-57.144,22445.2402083278
203,2900114.0,195.0,1.0,100.343,-57.048,22452.2669675946
204,2900114.0,196.0,1.0,100.486,-57.011,22459.2603472471
205,2900114.0,197.0,1.0,100.661,-57.012,22466.2782523334
206,2900114.0,198.0,8.0,100.59750266129,-57.1504941954535,22473.3207060099
207,2900114.0,199.0,1.0,100.534,-57.289,22480.3637500107
208,2900114.0,200.0,1.0,100.514,-57.398,22487.372581034902
209,2900114.0,201.0,1.0,100.499,-57.55,22494.3843286932
210,2900114.0,202.0,1.0,100.231,-57.594,22501.3904629648
211,2900114.0,203.0,1.0,99.929,-57.484,22508.4183564484
212,2900114.0,204.0,1.0,100.04,-57.203,22515.4420254529
213,2900114.0,205.0,1.0,100.744,-56.813,22522.4889004529
214,2900114.0,206.0,1.0,101.764,-56.175,22529.5453240871
215,2900114.0,207.0,1.0,103.194,-55.927,22536.5781134367
216,2900114.0,208.0,1.0,104.313,-56.329,22543.6254629493
217,2900114.0,209.0,1.0,105.482,-56.111,22550.6383333206
218,2900114.0,210.0,1.0,103.893,-55.775,22557.6141782403
219,2900114.0,211.0,1.0,104.333,-56.426,22564.6975231767
220,2900114.0,212.0,1.0,104.947,-55.79,22571.7290046215
221,2900114.0,213.0,1.0,104.55,-55.538,22578.7546180487
222,2900114.0,214.0,1.0,104.869,-55.594,22585.8513309956
223,2900114.0,215.0,1.0,105.257,-55.829,22592.9093981385
224,2900114.0,216.0,1.0,105.108,-55.862,22599.922175943902
225,2900114.0,191.0,1.0,98.216,-58.494,22424.1340509206
226,2900114.0,161.0,8.0,85.6236675575177,-60.9790599707521,22213.2441087812
227,2900114.0,190.0,1.0,96.481,-58.738,22417.0931365788
228,2900114.0,188.0,1.0,95.538,-59.675,22403.0432638898
229,2900114.0,163.0,1.0,85.186,-59.677,22227.3392361403
230,2900114.0,164.0,1.0,84.213,-58.889,22234.3482407331
231,2900114.0,165.0,1.0,83.576,-58.359,22241.3610764146
232,2900114.0,166.0,1.0,83.295,-58.316,22248.3623726964
233,2900114.0,167.0,1.0,83.584,-58.273,22255.4116550982
234,2900114.0,168.0,1.0,84.337,-57.935,22262.4876736104
235,2900114.0,169.0,1.0,86.049,-59.024,22269.4986342788
236,2900114.0,170.0,1.0,88.02,-60.489,22276.504826366898
237,2900114.0,171.0,1.0,88.359,-59.423,22283.5429861546
238,2900114.0,172.0,1.0,86.614,-58.612,22290.558576405
239,2900114.0,160.0,8.0,85.6893281025176,-61.1253320205299,22206.1533564776
240,2900114.0,174.0,1.0,85.329,-58.656,22304.587835609906
241,2900114.0,175.0,1.0,85.626,-58.994,22311.602881968
242,2900114.0,176.0,1.0,85.622,-59.533,22318.6226504445
243,2900114.0,177.0,1.0,87.683,-60.688,22325.686157465
244,2900114.0,178.0,1.0,89.453,-60.815,22332.6821065545
245,2900114.0,179.0,1.0,89.741,-60.831,22339.7063194513
246,2900114.0,180.0,1.0,90.465,-60.887,22346.722638905
247,2900114.0,181.0,1.0,92.832,-60.179,22353.7781597376
248,2900114.0,182.0,1.0,94.402,-60.67,22360.7846758962
249,2900114.0,183.0,1.0,93.81,-61.141,22367.8109606504
250,2900114.0,184.0,1.0,94.538,-60.636,22374.837627291698
251,2900114.0,185.0,1.0,94.586,-59.24,22381.926018536094
252,2900114.0,186.0,1.0,96.177,-58.979,22388.950636625297
253,2900114.0,187.0,1.0,97.466,-59.804,22396.0028356481
254,2900114.0,189.0,1.0,95.245,-59.138,22410.078425929
255,2900114.0,173.0,1.0,86.0,-58.471,22297.5601041913
256,2900114.0,38.0,8.0,114.187665826604,-63.6967499604865,21351.1757291704
257,2900114.0,159.0,8.0,85.7539397138268,-61.2692673598675,22199.175879642404
258,2900114.0,58.0,8.0,111.601317831183,-64.5319854313429,21491.854513824
259,2900114.0,57.0,8.0,111.686045620717,-64.4952271054761,21484.8579514027
260,2900114.0,56.0,8.0,111.770606059229,-64.4585413832189,21477.8752083182
261,2900114.0,55.0,8.0,111.855323897927,-64.4217873744251,21470.8794676065
262,2900114.0,54.0,8.0,111.940703997707,-64.3847460501143,21463.8290393949
263,2900114.0,53.0,8.0,112.026539061286,-64.3475073441926,21456.7410416603
264,2900114.0,52.0,1.0,112.113,-64.31,21449.6014467478
265,2900114.0,51.0,8.0,112.260473836512,-64.2664056866216,21442.6049883962
266,2900114.0,50.0,8.0,112.409093145444,-64.2224755329148,21435.554236114
267,2900114.0,49.0,8.0,112.558649765442,-64.1782683208669,21428.4590162039
268,2900114.0,48.0,8.0,112.707294203165,-64.1343307393793,21421.4070717692
269,2900114.0,47.0,8.0,112.856800566838,-64.0901383825211,21414.3142361045
270,2900114.0,46.0,8.0,113.005470133352,-64.0461933732526,21407.261099517294
271,2900114.0,45.0,8.0,113.155215825171,-64.0019302737549,21400.1569097191
272,2900114.0,44.0,8.0,113.30204931676,-63.9585279870591,21393.190879643
273,2900114.0,59.0,1.0,111.516,-64.569,21498.8998958468
274,2900114.0,60.0,8.0,111.380726470067,-64.6559961314784,21506.0819444507
275,2900114.0,61.0,1.0,111.247,-64.742,21513.1818287075
276,2900114.0,62.0,1.0,111.577,-64.877,21520.2710879743
277,2900114.0,78.0,1.0,111.355,-64.647,21632.5874884129
278,2900114.0,77.0,1.0,111.387,-64.651,21625.5759143233
279,2900114.0,76.0,1.0,111.595,-64.574,21618.5734722614
280,2900114.0,75.0,1.0,111.811,-64.624,21611.5255555511
281,2900114.0,74.0,1.0,111.575,-64.576,21604.5263425708
282,2900114.0,73.0,1.0,111.43,-64.617,21597.4928819537
283,2900114.0,72.0,1.0,111.63,-64.691,21590.4805787206
284,2900114.0,43.0,8.0,113.451504935847,-63.9143506297153,21386.1004513875
285,2900114.0,71.0,1.0,111.772,-64.695,21583.45609954
286,2900114.0,69.0,1.0,111.646,-64.622,21569.451921314
287,2900114.0,68.0,1.0,111.768,-64.541,21562.4555787146
288,2900114.0,67.0,1.0,111.958,-64.641,21555.2824884355
289,2900114.0,66.0,1.0,111.73,-64.528,21548.2884375155
290,2900114.0,65.0,1.0,111.737,-64.567,21541.2700694501
291,2900114.0,64.0,1.0,111.718,-64.476,21534.271122694
292,2900114.0,63.0,1.0,111.921,-64.776,21527.2614699006
293,2900114.0,70.0,1.0,111.733,-64.696,21576.4659028053
294,2900114.0,42.0,8.0,113.598607032301,-63.8708689465191,21379.1216782406
295,2900114.0,41.0,8.0,113.746086785235,-63.827275632423,21372.1249884292
296,2900114.0,40.0,8.0,113.893275245183,-63.783768421174,21365.1421180516
297,2900114.0,20.0,1.0,119.32,-63.66,21224.9420833588
298,2900114.0,21.0,1.0,118.878,-63.726,21231.9551041722
299,2900114.0,22.0,1.0,118.304,-63.723,21238.9417939782
300,2900114.0,23.0,1.0,117.867,-63.517,21245.9541319609
301,2900114.0,24.0,1.0,117.46,-63.204,21252.9478356838
302,2900114.0,25.0,1.0,115.747,-63.437,21259.9879050255
303,2900114.0,26.0,1.0,114.783,-63.616,21267.0054976852
304,2900114.0,19.0,1.0,119.275,-63.73,21217.932974517294
305,2900114.0,27.0,1.0,115.305,-63.568,21274.0153935188
306,2900114.0,30.0,1.0,116.001,-63.527,21295.1897916645
307,2900114.0,31.0,1.0,116.174,-63.579,21302.1778935194
308,2900114.0,32.0,1.0,116.35,-63.426,21309.18861112
309,2900114.0,33.0,1.0,115.815,-63.589,21316.1965162158
310,2900114.0,34.0,8.0,115.221321805271,-63.5774784333274,21323.207557871898
311,2900114.0,35.0,1.0,114.63,-63.566,21330.1907754689
312,2900114.0,36.0,8.0,114.482211081506,-63.609685780102,21337.2020023167
313,2900114.0,29.0,1.0,116.152,-63.332,21288.139363437906
314,2900114.0,79.0,1.0,110.975,-64.723,21639.5836689472
315,2900114.0,18.0,1.0,119.295,-63.809,21210.9181829095
316,2900114.0,16.0,1.0,118.991,-63.669,21196.9142476916
317,2900114.0,39.0,8.0,114.040718403318,-63.7401859240783,21358.1471643597
318,2900114.0,1.0,8.0,119.16,-64.93,21092.0436226875
319,2900114.0,2.0,8.0,119.109907932943,-64.8239292152258,21099.0070833336
320,2900114.0,3.0,8.0,119.059789306177,-64.7178021898284,21105.9742361307
321,2900114.0,4.0,8.0,119.00962422111,-64.6115767882033,21112.9478472471
322,2900114.0,5.0,8.0,118.959309187185,-64.5050338673805,21119.9423032403
323,2900114.0,6.0,8.0,118.909164583581,-64.3988518355946,21126.913067162
324,2900114.0,17.0,1.0,119.342,-63.792,21203.9247106314
325,2900114.0,7.0,8.0,118.858838726226,-64.2922859959793,21133.9090277553
326,2900114.0,9.0,8.0,118.758540027775,-64.0799018345447,21147.8518750072
327,2900114.0,10.0,8.0,118.708198101425,-63.9733019685626,21154.8500694036
328,2900114.0,11.0,1.0,118.658,-63.867,21161.8286690116
329,2900114.0,12.0,1.0,118.393,-63.883,21168.8737499714
330,2900114.0,13.0,1.0,118.449,-63.95,21175.8849189878
331,2900114.0,14.0,1.0,118.724,-63.735,21182.8865046501
332,2900114.0,15.0,1.0,118.721,-63.595,21189.9092823863
333,2900114.0,8.0,8.0,118.808709192157,-64.186135874184,21140.8776968122
334,2900114.0,80.0,1.0,110.112,-64.916,21646.6245138645
335,2900114.0,28.0,1.0,115.48,-63.363,21281.0662268549
336,2900114.0,82.0,1.0,107.818,-64.828,21660.6181018353
337,2900114.0,139.0,8.0,87.0479553554277,-64.1519470626013,22059.4337500036
338,2900114.0,138.0,8.0,87.1127372699143,-64.2962617864664,22052.4378819466
339,2900114.0,137.0,8.0,87.1773955030861,-64.4403009853655,22045.4553703666
340,2900114.0,136.0,8.0,87.2421593045402,-64.5845753588132,22038.4614583552
341,2900114.0,135.0,8.0,87.3068592293674,-64.7287074342472,22031.4744444489
342,2900114.0,134.0,8.0,87.3716422157217,-64.8730245459128,22024.4784606397
343,2900114.0,133.0,8.0,87.4363725781362,-65.0172244271847,22017.4881597459
344,2900114.0,140.0,8.0,86.983323702055,-64.0079670755425,22066.4133912027
345,2900114.0,132.0,8.0,87.5011140872649,-65.1614491400009,22010.4966551065
346,2900114.0,130.0,1.0,87.998,-65.52,21996.4824189842
347,2900114.0,129.0,1.0,88.862,-65.467,21989.493252337
348,2900114.0,128.0,1.0,89.859,-65.35,21982.5213310122
349,2900114.0,127.0,1.0,90.558,-65.185,21975.5069097281
350,2900114.0,126.0,8.0,92.0339838518108,-64.9704661577211,21968.3643518388
351,2900114.0,125.0,1.0,93.482,-64.76,21961.3571411967
352,2900114.0,124.0,1.0,95.195,-64.448,21954.1984837949
353,2900114.0,131.0,1.0,87.566,-65.306,22003.4893518388
354,2900114.0,123.0,8.0,95.5017884440645,-64.4572336653933,21947.0633217618
355,2900114.0,141.0,8.0,86.9185438239534,-63.863656888134,22073.4090393484
356,2900114.0,143.0,8.0,86.7891997062175,-63.5755168913068,22087.3770486116
357,2900114.0,81.0,1.0,109.142,-64.914,21653.6097453237
358,2900114.0,158.0,8.0,85.8187113394516,-61.4135591632268,22192.1811226904
359,2900114.0,157.0,8.0,85.8833314179427,-61.5575133649124,22185.2027314752
360,2900114.0,156.0,8.0,85.9481245858054,-61.7018531579326,22178.205648154
361,2900114.0,155.0,8.0,86.0127806755165,-61.8458875818424,22171.2233680487
362,2900114.0,154.0,8.0,86.0775639832386,-61.9902054094194,22164.2273495346
363,2900114.0,153.0,8.0,86.1421440846776,-62.1340705541935,22157.2532754838
364,2900114.0,142.0,8.0,86.8539877295809,-63.7198452239217,22080.3805208504
365,2900114.0,152.0,8.0,86.2069370382497,-62.2784098698383,22150.2562153041
366,2900114.0,150.0,8.0,86.3362923024252,-62.5665746975981,22136.287002325094
367,2900114.0,149.0,8.0,86.4009562158925,-62.7106265504961,22129.303877323902
368,2900114.0,148.0,8.0,86.4657249478313,-62.8549119075887,22122.3094328642
369,2900114.0,147.0,8.0,86.5303320577899,-62.998837219264,22115.3324421346
370,2900114.0,146.0,8.0,86.5950955377385,-63.1431108764935,22108.3385648429
371,2900114.0,145.0,8.0,86.6597664177995,-63.2871782488781,22101.3546875119
372,2900114.0,144.0,8.0,86.7245317199801,-63.4314559654955,22094.3606134355
373,2900114.0,151.0,8.0,86.2715197124221,-62.4222807458926,22143.2818634212
374,2900114.0,122.0,8.0,95.8028900775933,-64.4662980780532,21940.0604282431
375,2900114.0,37.0,8.0,114.335084832467,-63.653174602524,21344.1819213033
376,2900114.0,120.0,8.0,96.4037989632349,-64.4843879371037,21926.0847453773
377,2900114.0,98.0,8.0,103.012062405772,-64.6833241770243,21772.3925694525
378,2900114.0,97.0,8.0,103.312532525035,-64.6923695784757,21765.4043634236
379,2900114.0,96.0,8.0,103.613097693639,-64.7014178413081,21758.4139467776
380,2900114.0,95.0,8.0,103.913847491893,-64.7104716622614,21751.4192360938
381,2900114.0,94.0,8.0,104.214484820138,-64.7195220973993,21744.4271411896
382,2900114.0,93.0,8.0,104.513973577003,-64.7285379557572,21737.4617592692
383,2900114.0,92.0,8.0,104.814683063606,-64.7375905631621,21730.4679861367
384,2900114.0,99.0,8.0,102.711470363587,-64.6742751051853,21779.3836111128
385,2900114.0,91.0,8.0,105.114539584382,-64.7466174927446,21723.49405092
386,2900114.0,88.0,8.0,106.016253506513,-64.7737628356494,21702.522372663
387,2900114.0,87.0,8.0,106.316631559543,-64.7828054655239,21695.536307871294
388,2900114.0,86.0,8.0,106.617218624756,-64.7918543875354,21688.5453819633
389,2900114.0,85.0,8.0,106.917368257469,-64.8008901410075,21681.564629674
390,2900114.0,84.0,8.0,107.216702249058,-64.8099013402862,21674.602847218503
391,2900114.0,121.0,8.0,96.1028376665471,-64.475327749167,21933.084375001497
392,2900114.0,83.0,8.0,107.517533162681,-64.8189576031499,21667.6062499881
393,2900114.0,90.0,8.0,105.415230658505,-64.7556695458572,21716.500706017
394,2900114.0,100.0,8.0,102.410781777946,-64.6652231269864,21786.3768981397
395,2900114.0,89.0,8.0,105.715568401163,-64.7647109622217,21709.5155787468
396,2900114.0,102.0,8.0,101.811286210969,-64.6471758147114,21800.3197106421
397,2900114.0,118.0,8.0,97.0048014068229,-64.5024806126379,21912.1068865806
398,2900114.0,101.0,8.0,102.11113128369,-64.6562023996598,21793.3460416794
399,2900114.0,117.0,8.0,97.3047539725881,-64.5115104335745,21905.130717590506
400,2900114.0,116.0,8.0,97.6043805789298,-64.5205304417755,21898.1621296257
401,2900114.0,114.0,8.0,98.2031351490579,-64.5385554469606,21884.2365509123
402,2900114.0,113.0,8.0,98.5039376962654,-64.5476108558771,21877.2406134158
403,2900114.0,112.0,8.0,98.8046178220834,-64.5566625794001,21870.2475231439
404,2900114.0,111.0,8.0,99.1048087601775,-64.5656995763361,21863.2658101916
405,2900114.0,115.0,8.0,97.9038494304815,-64.5295457009005,21891.1972106546
406,2900114.0,110.0,8.0,99.4058387333326,-64.5747618317204,21856.2645833194
407,2900114.0,109.0,8.0,99.7101168500862,-64.5839218697491,21849.1878125072
408,2900114.0,108.0,8.0,100.009533947696,-64.592935570865,21842.2240972072
409,2900114.0,107.0,8.0,100.310226514655,-64.6019876689182,21835.230717584494
410,2900114.0,106.0,8.0,100.609944686845,-64.6110104336324,21828.260000020306
411,2900114.0,105.0,8.0,100.910441181225,-64.6200566290846,21821.2711805701
412,2900114.0,119.0,8.0,96.7039764655011,-64.4934245295654,21919.1033449098
413,2900114.0,104.0,8.0,101.210203645745,-64.6290807271823,21814.2994328737
414,2900114.0,103.0,8.0,101.510371693497,-64.6381170350238,21807.3182522953
415,2900114.0,162.0,1.0,85.559,-60.835,22220.2276273072
416,2900114.0,192.0,1.0,100.017,-58.039,22431.1718171388
417,2900114.0,193.0,1.0,100.117,-57.515,22438.2020370364
418,2900114.0,194.0,1.0,100.207,-57.144,22445.2402083278
419,2900114.0,195.0,1.0,100.343,-57.048,22452.2669675946
420,2900114.0,196.0,1.0,100.486,-57.011,22459.2603472471
421,2900114.0,197.0,1.0,100.661,-57.012,22466.2782523334
422,2900114.0,198.0,8.0,100.59750266129,-57.1504941954535,22473.3207060099
423,2900114.0,199.0,1.0,100.534,-57.289,22480.3637500107
424,2900114.0,200.0,1.0,100.514,-57.398,22487.372581034902
425,2900114.0,201.0,1.0,100.499,-57.55,22494.3843286932
426,2900114.0,202.0,1.0,100.231,-57.594,22501.3904629648
427,2900114.0,203.0,1.0,99.929,-57.484,22508.4183564484
428,2900114.0,204.0,1.0,100.04,-57.203,22515.4420254529
429,2900114.0,205.0,1.0,100.744,-56.813,22522.4889004529
430,2900114.0,206.0,1.0,101.764,-56.175,22529.5453240871
431,2900114.0,207.0,1.0,103.194,-55.927,22536.5781134367
432,2900114.0,208.0,1.0,104.313,-56.329,22543.6254629493
433,2900114.0,209.0,1.0,105.482,-56.111,22550.6383333206
434,2900114.0,210.0,1.0,103.893,-55.775,22557.6141782403
435,2900114.0,211.0,1.0,104.333,-56.426,22564.6975231767
436,2900114.0,212.0,1.0,104.947,-55.79,22571.7290046215
437,2900114.0,213.0,1.0,104.55,-55.538,22578.7546180487
438,2900114.0,214.0,1.0,104.869,-55.594,22585.8513309956
439,2900114.0,215.0,1.0,105.257,-55.829,22592.9093981385
440,2900114.0,216.0,1.0,105.108,-55.862,22599.922175943902
441,2900114.0,191.0,1.0,98.216,-58.494,22424.1340509206
442,2900114.0,161.0,8.0,85.6236675575177,-60.9790599707521,22213.2441087812
443,2900114.0,190.0,1.0,96.481,-58.738,22417.0931365788
444,2900114.0,188.0,1.0,95.538,-59.675,22403.0432638898
445,2900114.0,163.0,1.0,85.186,-59.677,22227.3392361403
446,2900114.0,164.0,1.0,84.213,-58.889,22234.3482407331
447,2900114.0,165.0,1.0,83.576,-58.359,22241.3610764146
448,2900114.0,166.0,1.0,83.295,-58.316,22248.3623726964
449,2900114.0,167.0,1.0,83.584,-58.273,22255.4116550982
450,2900114.0,168.0,1.0,84.337,-57.935,22262.4876736104
451,2900114.0,169.0,1.0,86.049,-59.024,22269.4986342788
452,2900114.0,170.0,1.0,88.02,-60.489,22276.504826366898
453,2900114.0,171.0,1.0,88.359,-59.423,22283.5429861546
454,2900114.0,172.0,1.0,86.614,-58.612,22290.558576405
455,2900114.0,160.0,8.0,85.6893281025176,-61.1253320205299,22206.1533564776
456,2900114.0,174.0,1.0,85.329,-58.656,22304.587835609906
457,2900114.0,175.0,1.0,85.626,-58.994,22311.602881968
458,2900114.0,176.0,1.0,85.622,-59.533,22318.6226504445
459,2900114.0,177.0,1.0,87.683,-60.688,22325.686157465
460,2900114.0,178.0,1.0,89.453,-60.815,22332.6821065545
461,2900114.0,179.0,1.0,89.741,-60.831,22339.7063194513
462,2900114.0,180.0,1.0,90.465,-60.887,22346.722638905
463,2900114.0,181.0,1.0,92.832,-60.179,22353.7781597376
464,2900114.0,182.0,1.0,94.402,-60.67,22360.7846758962
465,2900114.0,183.0,1.0,93.81,-61.141,22367.8109606504
466,2900114.0,184.0,1.0,94.538,-60.636,22374.837627291698
467,2900114.0,185.0,1.0,94.586,-59.24,22381.926018536094
468,2900114.0,186.0,1.0,96.177,-58.979,22388.950636625297
469,2900114.0,187.0,1.0,97.466,-59.804,22396.0028356481
470,2900114.0,189.0,1.0,95.245,-59.138,22410.078425929
471,2900114.0,173.0,1.0,86.0,-58.471,22297.5601041913
472,2900114.0,38.0,8.0,114.187665826604,-63.6967499604865,21351.1757291704
473,2900114.0,159.0,8.0,85.7539397138268,-61.2692673598675,22199.175879642404
474,2900114.0,58.0,8.0,111.601317831183,-64.5319854313429,21491.854513824
475,2900114.0,57.0,8.0,111.686045620717,-64.4952271054761,21484.8579514027
476,2900114.0,56.0,8.0,111.770606059229,-64.4585413832189,21477.8752083182
477,2900114.0,55.0,8.0,111.855323897927,-64.4217873744251,21470.8794676065
478,2900114.0,54.0,8.0,111.940703997707,-64.3847460501143,21463.8290393949
479,2900114.0,53.0,8.0,112.026539061286,-64.3475073441926,21456.7410416603
480,2900114.0,52.0,1.0,112.113,-64.31,21449.6014467478
481,2900114.0,51.0,8.0,112.260473836512,-64.2664056866216,21442.6049883962
482,2900114.0,50.0,8.0,112.409093145444,-64.2224755329148,21435.554236114
483,2900114.0,49.0,8.0,112.558649765442,-64.1782683208669,21428.4590162039
484,2900114.0,48.0,8.0,112.707294203165,-64.1343307393793,21421.4070717692
485,2900114.0,47.0,8.0,112.856800566838,-64.0901383825211,21414.3142361045
486,2900114.0,46.0,8.0,113.005470133352,-64.0461933732526,21407.261099517294
487,2900114.0,45.0,8.0,113.155215825171,-64.0019302737549,21400.1569097191
488,2900114.0,44.0,8.0,113.30204931676,-63.9585279870591,21393.190879643
489,2900114.0,59.0,1.0,111.516,-64.569,21498.8998958468
490,2900114.0,60.0,8.0,111.380726470067,-64.6559961314784,21506.0819444507
491,2900114.0,61.0,1.0,111.247,-64.742,21513.1818287075
492,2900114.0,62.0,1.0,111.577,-64.877,21520.2710879743
493,2900114.0,78.0,1.0,111.355,-64.647,21632.5874884129
494,2900114.0,77.0,1.0,111.387,-64.651,21625.5759143233
495,2900114.0,76.0,1.0,111.595,-64.574,21618.5734722614
496,2900114.0,75.0,1.0,111.811,-64.624,21611.5255555511
497,2900114.0,74.0,1.0,111.575,-64.576,21604.5263425708
498,2900114.0,73.0,1.0,111.43,-64.617,21597.4928819537
499,2900114.0,72.0,1.0,111.63,-64.691,21590.4805787206
500,2900114.0,43.0,8.0,113.451504935847,-63.9143506297153,21386.1004513875
501,2900114.0,71.0,1.0,111.772,-64.695,21583.45609954
502,2900114.0,69.0,1.0,111.646,-64.622,21569.451921314
503,2900114.0,68.0,1.0,111.768,-64.541,21562.4555787146
504,2900114.0,67.0,1.0,111.958,-64.641,21555.2824884355
505,2900114.0,66.0,1.0,111.73,-64.528,21548.2884375155
506,2900114.0,65.0,1.0,111.737,-64.567,21541.2700694501
507,2900114.0,64.0,1.0,111.718,-64.476,21534.271122694
508,2900114.0,63.0,1.0,111.921,-64.776,21527.2614699006
509,2900114.0,70.0,1.0,111.733,-64.696,21576.4659028053
510,2900114.0,42.0,8.0,113.598607032301,-63.8708689465191,21379.1216782406
511,2900114.0,41.0,8.0,113.746086785235,-63.827275632423,21372.1249884292
512,2900114.0,40.0,8.0,113.893275245183,-63.783768421174,21365.1421180516
513,2900114.0,20.0,1.0,119.32,-63.66,21224.9420833588
514,2900114.0,21.0,1.0,118.878,-63.726,21231.9551041722
515,2900114.0,22.0,1.0,118.304,-63.723,21238.9417939782
516,2900114.0,23.0,1.0,117.867,-63.517,21245.9541319609
517,2900114.0,24.0,1.0,117.46,-63.204,21252.9478356838
518,2900114.0,25.0,1.0,115.747,-63.437,21259.9879050255
519,2900114.0,26.0,1.0,114.783,-63.616,21267.0054976852
520,2900114.0,19.0,1.0,119.275,-63.73,21217.932974517294
521,2900114.0,27.0,1.0,115.305,-63.568,21274.0153935188
522,2900114.0,30.0,1.0,116.001,-63.527,21295.1897916645
523,2900114.0,31.0,1.0,116.174,-63.579,21302.1778935194
524,2900114.0,32.0,1.0,116.35,-63.426,21309.18861112
525,2900114.0,33.0,1.0,115.815,-63.589,21316.1965162158
526,2900114.0,34.0,8.0,115.221321805271,-63.5774784333274,21323.207557871898
527,2900114.0,35.0,1.0,114.63,-63.566,21330.1907754689
528,2900114.0,36.0,8.0,114.482211081506,-63.609685780102,21337.2020023167
529,2900114.0,29.0,1.0,116.152,-63.332,21288.139363437906
530,2900114.0,79.0,1.0,110.975,-64.723,21639.5836689472
531,2900114.0,18.0,1.0,119.295,-63.809,21210.9181829095
532,2900114.0,16.0,1.0,118.991,-63.669,21196.9142476916
533,2900114.0,39.0,8.0,114.040718403318,-63.7401859240783,21358.1471643597
534,2900114.0,1.0,8.0,119.16,-64.93,21092.0436226875
535,2900114.0,2.0,8.0,119.109907932943,-64.8239292152258,21099.0070833336
536,2900114.0,3.0,8.0,119.059789306177,-64.7178021898284,21105.9742361307
537,2900114.0,4.0,8.0,119.00962422111,-64.6115767882033,21112.9478472471
538,2900114.0,5.0,8.0,118.959309187185,-64.5050338673805,21119.9423032403
539,2900114.0,6.0,8.0,118.909164583581,-64.3988518355946,21126.913067162
540,2900114.0,17.0,1.0,119.342,-63.792,21203.9247106314
541,2900114.0,7.0,8.0,118.858838726226,-64.2922859959793,21133.9090277553
542,2900114.0,9.0,8.0,118.758540027775,-64.0799018345447,21147.8518750072
543,2900114.0,10.0,8.0,118.708198101425,-63.9733019685626,21154.8500694036
544,2900114.0,11.0,1.0,118.658,-63.867,21161.8286690116
545,2900114.0,12.0,1.0,118.393,-63.883,21168.8737499714
546,2900114.0,13.0,1.0,118.449,-63.95,21175.8849189878
547,2900114.0,14.0,1.0,118.724,-63.735,21182.8865046501
548,2900114.0,15.0,1.0,118.721,-63.595,21189.9092823863
549,2900114.0,8.0,8.0,118.808709192157,-64.186135874184,21140.8776968122
550,2900114.0,80.0,1.0,110.112,-64.916,21646.6245138645
551,2900114.0,28.0,1.0,115.48,-63.363,21281.0662268549
552,2900114.0,82.0,1.0,107.818,-64.828,21660.6181018353
553,2900114.0,139.0,8.0,87.0479553554277,-64.1519470626013,22059.4337500036
554,2900114.0,138.0,8.0,87.1127372699143,-64.2962617864664,22052.4378819466
555,2900114.0,137.0,8.0,87.1773955030861,-64.4403009853655,22045.4553703666
556,2900114.0,136.0,8.0,87.2421593045402,-64.5845753588132,22038.4614583552
557,2900114.0,135.0,8.0,87.3068592293674,-64.7287074342472,22031.4744444489
558,2900114.0,134.0,8.0,87.3716422157217,-64.8730245459128,22024.4784606397
559,2900114.0,133.0,8.0,87.4363725781362,-65.0172244271847,22017.4881597459
560,2900114.0,140.0,8.0,86.983323702055,-64.0079670755425,22066.4133912027
561,2900114.0,132.0,8.0,87.5011140872649,-65.1614491400009,22010.4966551065
562,2900114.0,130.0,1.0,87.998,-65.52,21996.4824189842
563,2900114.0,129.0,1.0,88.862,-65.467,21989.493252337
564,2900114.0,128.0,1.0,89.859,-65.35,21982.5213310122
565,2900114.0,127.0,1.0,90.558,-65.185,21975.5069097281
566,2900114.0,126.0,8.0,92.0339838518108,-64.9704661577211,21968.3643518388
567,2900114.0,125.0,1.0,93.482,-64.76,21961.3571411967
568,2900114.0,124.0,1.0,95.195,-64.448,21954.1984837949
569,2900114.0,131.0,1.0,87.566,-65.306,22003.4893518388
570,2900114.0,123.0,8.0,95.5017884440645,-64.4572336653933,21947.0633217618
571,2900114.0,141.0,8.0,86.9185438239534,-63.863656888134,22073.4090393484
572,2900114.0,143.0,8.0,86.7891997062175,-63.5755168913068,22087.3770486116
573,2900114.0,81.0,1.0,109.142,-64.914,21653.6097453237
574,2900114.0,158.0,8.0,85.8187113394516,-61.4135591632268,22192.1811226904
575,2900114.0,157.0,8.0,85.8833314179427,-61.5575133649124,22185.2027314752
576,2900114.0,156.0,8.0,85.9481245858054,-61.7018531579326,22178.205648154
577,2900114.0,155.0,8.0,86.0127806755165,-61.8458875818424,22171.2233680487
578,2900114.0,154.0,8.0,86.0775639832386,-61.9902054094194,22164.2273495346
579,2900114.0,153.0,8.0,86.1421440846776,-62.1340705541935,22157.2532754838
580,2900114.0,142.0,8.0,86.8539877295809,-63.7198452239217,22080.3805208504
581,2900114.0,152.0,8.0,86.2069370382497,-62.2784098698383,22150.2562153041
582,2900114.0,150.0,8.0,86.3362923024252,-62.5665746975981,22136.287002325094
583,2900114.0,149.0,8.0,86.4009562158925,-62.7106265504961,22129.303877323902
584,2900114.0,148.0,8.0,86.4657249478313,-62.8549119075887,22122.3094328642
585,2900114.0,147.0,8.0,86.5303320577899,-62.998837219264,22115.3324421346
586,2900114.0,146.0,8.0,86.5950955377385,-63.1431108764935,22108.3385648429
587,2900114.0,145.0,8.0,86.6597664177995,-63.2871782488781,22101.3546875119
588,2900114.0,144.0,8.0,86.7245317199801,-63.4314559654955,22094.3606134355
589,2900114.0,151.0,8.0,86.2715197124221,-62.4222807458926,22143.2818634212
590,2900114.0,122.0,8.0,95.8028900775933,-64.4662980780532,21940.0604282431
591,2900114.0,37.0,8.0,114.335084832467,-63.653174602524,21344.1819213033
592,2900114.0,120.0,8.0,96.4037989632349,-64.4843879371037,21926.0847453773
593,2900114.0,98.0,8.0,103.012062405772,-64.6833241770243,21772.3925694525
594,2900114.0,97.0,8.0,103.312532525035,-64.6923695784757,21765.4043634236
595,2900114.0,96.0,8.0,103.613097693639,-64.7014178413081,21758.4139467776
596,2900114.0,95.0,8.0,103.913847491893,-64.7104716622614,21751.4192360938
597,2900114.0,94.0,8.0,104.214484820138,-64.7195220973993,21744.4271411896
598,2900114.0,93.0,8.0,104.513973577003,-64.7285379557572,21737.4617592692
599,2900114.0,92.0,8.0,104.814683063606,-64.7375905631621,21730.4679861367
600,2900114.0,99.0,8.0,102.711470363587,-64.6742751051853,21779.3836111128
601,2900114.0,91.0,8.0,105.114539584382,-64.7466174927446,21723.49405092
602,2900114.0,88.0,8.0,106.016253506513,-64.7737628356494,21702.522372663
603,2900114.0,87.0,8.0,106.316631559543,-64.7828054655239,21695.536307871294
604,2900114.0,86.0,8.0,106.617218624756,-64.7918543875354,21688.5453819633
605,2900114.0,85.0,8.0,106.917368257469,-64.8008901410075,21681.564629674
606,2900114.0,84.0,8.0,107.216702249058,-64.8099013402862,21674.602847218503
607,2900114.0,121.0,8.0,96.1028376665471,-64.475327749167,21933.084375001497
608,2900114.0,83.0,8.0,107.517533162681,-64.8189576031499,21667.6062499881
609,2900114.0,90.0,8.0,105.415230658505,-64.7556695458572,21716.500706017
610,2900114.0,100.0,8.0,102.410781777946,-64.6652231269864,21786.3768981397
611,2900114.0,89.0,8.0,105.715568401163,-64.7647109622217,21709.5155787468
612,2900114.0,102.0,8.0,101.811286210969,-64.6471758147114,21800.3197106421
613,2900114.0,118.0,8.0,97.0048014068229,-64.5024806126379,21912.1068865806
614,2900114.0,101.0,8.0,102.11113128369,-64.6562023996598,21793.3460416794
615,2900114.0,117.0,8.0,97.3047539725881,-64.5115104335745,21905.130717590506
616,2900114.0,116.0,8.0,97.6043805789298,-64.5205304417755,21898.1621296257
617,2900114.0,114.0,8.0,98.2031351490579,-64.5385554469606,21884.2365509123
618,2900114.0,113.0,8.0,98.5039376962654,-64.5476108558771,21877.2406134158
619,2900114.0,112.0,8.0,98.8046178220834,-64.5566625794001,21870.2475231439
620,2900114.0,111.0,8.0,99.1048087601775,-64.5656995763361,21863.2658101916
621,2900114.0,115.0,8.0,97.9038494304815,-64.5295457009005,21891.1972106546
622,2900114.0,110.0,8.0,99.4058387333326,-64.5747618317204,21856.2645833194
623,2900114.0,109.0,8.0,99.7101168500862,-64.5839218697491,21849.1878125072
624,2900114.0,108.0,8.0,100.009533947696,-64.592935570865,21842.2240972072
625,2900114.0,107.0,8.0,100.310226514655,-64.6019876689182,21835.230717584494
626,2900114.0,106.0,8.0,100.609944686845,-64.6110104336324,21828.260000020306
627,2900114.0,105.0,8.0,100.910441181225,-64.6200566290846,21821.2711805701
628,2900114.0,119.0,8.0,96.7039764655011,-64.4934245295654,21919.1033449098
629,2900114.0,104.0,8.0,101.210203645745,-64.6290807271823,21814.2994328737
630,2900114.0,103.0,8.0,101.510371693497,-64.6381170350238,21807.3182522953
631,2900114.0,162.0,1.0,85.559,-60.835,22220.2276273072
632,2900114.0,192.0,1.0,100.017,-58.039,22431.1718171388
633,2900114.0,193.0,1.0,100.117,-57.515,22438.2020370364
634,2900114.0,194.0,1.0,100.207,-57.144,22445.2402083278
635,2900114.0,195.0,1.0,100.343,-57.048,22452.2669675946
636,2900114.0,196.0,1.0,100.486,-57.011,22459.2603472471
637,2900114.0,197.0,1.0,100.661,-57.012,22466.2782523334
638,2900114.0,198.0,8.0,100.59750266129,-57.1504941954535,22473.3207060099
639,2900114.0,199.0,1.0,100.534,-57.289,22480.3637500107
640,2900114.0,200.0,1.0,100.514,-57.398,22487.372581034902
641,2900114.0,201.0,1.0,100.499,-57.55,22494.3843286932
642,2900114.0,202.0,1.0,100.231,-57.594,22501.3904629648
643,2900114.0,203.0,1.0,99.929,-57.484,22508.4183564484
644,2900114.0,204.0,1.0,100.04,-57.203,22515.4420254529
645,2900114.0,205.0,1.0,100.744,-56.813,22522.4889004529
646,2900114.0,206.0,1.0,101.764,-56.175,22529.5453240871
647,2900114.0,207.0,1.0,103.194,-55.927,22536.5781134367
648,2900114.0,208.0,1.0,104.313,-56.329,22543.6254629493
649,2900114.0,209.0,1.0,105.482,-56.111,22550.6383333206
650,2900114.0,210.0,1.0,103.893,-55.775,22557.6141782403
651,2900114.0,211.0,1.0,104.333,-56.426,22564.6975231767
652,2900114.0,212.0,1.0,104.947,-55.79,22571.7290046215
653,2900114.0,213.0,1.0,104.55,-55.538,22578.7546180487
654,2900114.0,214.0,1.0,104.869,-55.594,22585.8513309956
655,2900114.0,215.0,1.0,105.257,-55.829,22592.9093981385
656,2900114.0,216.0,1.0,105.108,-55.862,22599.922175943902
657,2900114.0,191.0,1.0,98.216,-58.494,22424.1340509206
658,2900114.0,161.0,8.0,85.6236675575177,-60.9790599707521,22213.2441087812
659,2900114.0,190.0,1.0,96.481,-58.738,22417.0931365788
660,2900114.0,188.0,1.0,95.538,-59.675,22403.0432638898
661,2900114.0,163.0,1.0,85.186,-59.677,22227.3392361403
662,2900114.0,164.0,1.0,84.213,-58.889,22234.3482407331
663,2900114.0,165.0,1.0,83.576,-58.359,22241.3610764146
664,2900114.0,166.0,1.0,83.295,-58.316,22248.3623726964
665,2900114.0,167.0,1.0,83.584,-58.273,22255.4116550982
666,2900114.0,168.0,1.0,84.337,-57.935,22262.4876736104
667,2900114.0,169.0,1.0,86.049,-59.024,22269.4986342788
668,2900114.0,170.0,1.0,88.02,-60.489,22276.504826366898
669,2900114.0,171.0,1.0,88.359,-59.423,22283.5429861546
670,2900114.0,172.0,1.0,86.614,-58.612,22290.558576405
671,2900114.0,160.0,8.0,85.6893281025176,-61.1253320205299,22206.1533564776
672,2900114.0,174.0,1.0,85.329,-58.656,22304.587835609906
673,2900114.0,175.0,1.0,85.626,-58.994,22311.602881968
674,2900114.0,176.0,1.0,85.622,-59.533,22318.6226504445
675,2900114.0,177.0,1.0,87.683,-60.688,22325.686157465
676,2900114.0,178.0,1.0,89.453,-60.815,22332.6821065545
677,2900114.0,179.0,1.0,89.741,-60.831,22339.7063194513
678,2900114.0,180.0,1.0,90.465,-60.887,22346.722638905
679,2900114.0,181.0,1.0,92.832,-60.179,22353.7781597376
680,2900114.0,182.0,1.0,94.402,-60.67,22360.7846758962
681,2900114.0,183.0,1.0,93.81,-61.141,22367.8109606504
682,2900114.0,184.0,1.0,94.538,-60.636,22374.837627291698
683,2900114.0,185.0,1.0,94.586,-59.24,22381.926018536094
684,2900114.0,186.0,1.0,96.177,-58.979,22388.950636625297
685,2900114.0,187.0,1.0,97.466,-59.804,22396.0028356481
686,2900114.0,189.0,1.0,95.245,-59.138,22410.078425929
687,2900114.0,173.0,1.0,86.0,-58.471,22297.5601041913
688,2900114.0,38.0,8.0,114.187665826604,-63.6967499604865,21351.1757291704
689,2900114.0,159.0,8.0,85.7539397138268,-61.2692673598675,22199.175879642404
690,2900114.0,58.0,8.0,111.601317831183,-64.5319854313429,21491.854513824
691,2900114.0,57.0,8.0,111.686045620717,-64.4952271054761,21484.8579514027
692,2900114.0,56.0,8.0,111.770606059229,-64.4585413832189,21477.8752083182
693,2900114.0,55.0,8.0,111.855323897927,-64.4217873744251,21470.8794676065
694,2900114.0,54.0,8.0,111.940703997707,-64.3847460501143,21463.8290393949
695,2900114.0,53.0,8.0,112.026539061286,-64.3475073441926,21456.7410416603
696,2900114.0,52.0,1.0,112.113,-64.31,21449.6014467478
697,2900114.0,51.0,8.0,112.260473836512,-64.2664056866216,21442.6049883962
698,2900114.0,50.0,8.0,112.409093145444,-64.2224755329148,21435.554236114
699,2900114.0,49.0,8.0,112.558649765442,-64.1782683208669,21428.4590162039
700,2900114.0,48.0,8.0,112.707294203165,-64.1343307393793,21421.4070717692
701,2900114.0,47.0,8.0,112.856800566838,-64.0901383825211,21414.3142361045
702,2900114.0,46.0,8.0,113.005470133352,-64.0461933732526,21407.261099517294
703,2900114.0,45.0,8.0,113.155215825171,-64.0019302737549,21400.1569097191
704,2900114.0,44.0,8.0,113.30204931676,-63.9585279870591,21393.190879643
705,2900114.0,59.0,1.0,111.516,-64.569,21498.8998958468
706,2900114.0,60.0,8.0,111.380726470067,-64.6559961314784,21506.0819444507
707,2900114.0,61.0,1.0,111.247,-64.742,21513.1818287075
708,2900114.0,62.0,1.0,111.577,-64.877,21520.2710879743
709,2900114.0,78.0,1.0,111.355,-64.647,21632.5874884129
710,2900114.0,77.0,1.0,111.387,-64.651,21625.5759143233
711,2900114.0,76.0,1.0,111.595,-64.574,21618.5734722614
712,2900114.0,75.0,1.0,111.811,-64.624,21611.5255555511
713,2900114.0,74.0,1.0,111.575,-64.576,21604.5263425708
714,2900114.0,73.0,1.0,111.43,-64.617,21597.4928819537
715,2900114.0,72.0,1.0,111.63,-64.691,21590.4805787206
716,2900114.0,43.0,8.0,113.451504935847,-63.9143506297153,21386.1004513875
717,2900114.0,71.0,1.0,111.772,-64.695,21583.45609954
718,2900114.0,69.0,1.0,111.646,-64.622,21569.451921314
719,2900114.0,68.0,1.0,111.768,-64.541,21562.4555787146
720,2900114.0,67.0,1.0,111.958,-64.641,21555.2824884355
721,2900114.0,66.0,1.0,111.73,-64.528,21548.2884375155
722,2900114.0,65.0,1.0,111.737,-64.567,21541.2700694501
723,2900114.0,64.0,1.0,111.718,-64.476,21534.271122694
724,2900114.0,63.0,1.0,111.921,-64.776,21527.2614699006
725,2900114.0,70.0,1.0,111.733,-64.696,21576.4659028053
726,2900114.0,42.0,8.0,113.598607032301,-63.8708689465191,21379.1216782406
727,2900114.0,41.0,8.0,113.746086785235,-63.827275632423,21372.1249884292
728,2900114.0,40.0,8.0,113.893275245183,-63.783768421174,21365.1421180516
729,2900114.0,20.0,1.0,119.32,-63.66,21224.9420833588
730,2900114.0,21.0,1.0,118.878,-63.726,21231.9551041722
731,2900114.0,22.0,1.0,118.304,-63.723,21238.9417939782
732,2900114.0,23.0,1.0,117.867,-63.517,21245.9541319609
733,2900114.0,24.0,1.0,117.46,-63.204,21252.9478356838
734,2900114.0,25.0,1.0,115.747,-63.437,21259.9879050255
735,2900114.0,26.0,1.0,114.783,-63.616,21267.0054976852
736,2900114.0,19.0,1.0,119.275,-63.73,21217.932974517294
737,2900114.0,27.0,1.0,115.305,-63.568,21274.0153935188
738,2900114.0,30.0,1.0,116.001,-63.527,21295.1897916645
739,2900114.0,31.0,1.0,116.174,-63.579,21302.1778935194
740,2900114.0,32.0,1.0,116.35,-63.426,21309.18861112
741,2900114.0,33.0,1.0,115.815,-63.589,21316.1965162158
742,2900114.0,34.0,8.0,115.221321805271,-63.5774784333274,21323.207557871898
743,2900114.0,35.0,1.0,114.63,-63.566,21330.1907754689
744,2900114.0,36.0,8.0,114.482211081506,-63.609685780102,21337.2020023167
745,2900114.0,29.0,1.0,116.152,-63.332,21288.139363437906
746,2900114.0,79.0,1.0,110.975,-64.723,21639.5836689472
747,2900114.0,18.0,1.0,119.295,-63.809,21210.9181829095
748,2900114.0,16.0,1.0,118.991,-63.669,21196.9142476916
749,2900114.0,39.0,8.0,114.040718403318,-63.7401859240783,21358.1471643597
750,2900114.0,1.0,8.0,119.16,-64.93,21092.0436226875
751,2900114.0,2.0,8.0,119.109907932943,-64.8239292152258,21099.0070833336
752,2900114.0,3.0,8.0,119.059789306177,-64.7178021898284,21105.9742361307
753,2900114.0,4.0,8.0,119.00962422111,-64.6115767882033,21112.9478472471
754,2900114.0,5.0,8.0,118.959309187185,-64.5050338673805,21119.9423032403
755,2900114.0,6.0,8.0,118.909164583581,-64.3988518355946,21126.913067162
756,2900114.0,17.0,1.0,119.342,-63.792,21203.9247106314
757,2900114.0,7.0,8.0,118.858838726226,-64.2922859959793,21133.9090277553
758,2900114.0,9.0,8.0,118.758540027775,-64.0799018345447,21147.8518750072
759,2900114.0,10.0,8.0,118.708198101425,-63.9733019685626,21154.8500694036
760,2900114.0,11.0,1.0,118.658,-63.867,21161.8286690116
761,2900114.0,12.0,1.0,118.393,-63.883,21168.8737499714
762,2900114.0,13.0,1.0,118.449,-63.95,21175.8849189878
763,2900114.0,14.0,1.0,118.724,-63.735,21182.8865046501
764,2900114.0,15.0,1.0,118.721,-63.595,21189.9092823863
765,2900114.0,8.0,8.0,118.808709192157,-64.186135874184,21140.8776968122
766,2900114.0,80.0,1.0,110.112,-64.916,21646.6245138645
767,2900114.0,28.0,1.0,115.48,-63.363,21281.0662268549
768,2900114.0,82.0,1.0,107.818,-64.828,21660.6181018353
769,2900114.0,139.0,8.0,87.0479553554277,-64.1519470626013,22059.4337500036
770,2900114.0,138.0,8.0,87.1127372699143,-64.2962617864664,22052.4378819466
771,2900114.0,137.0,8.0,87.1773955030861,-64.4403009853655,22045.4553703666
772,2900114.0,136.0,8.0,87.2421593045402,-64.5845753588132,22038.4614583552
773,2900114.0,135.0,8.0,87.3068592293674,-64.7287074342472,22031.4744444489
774,2900114.0,134.0,8.0,87.3716422157217,-64.8730245459128,22024.4784606397
775,2900114.0,133.0,8.0,87.4363725781362,-65.0172244271847,22017.4881597459
776,2900114.0,140.0,8.0,86.983323702055,-64.0079670755425,22066.4133912027
777,2900114.0,132.0,8.0,87.5011140872649,-65.1614491400009,22010.4966551065
778,2900114.0,130.0,1.0,87.998,-65.52,21996.4824189842
779,2900114.0,129.0,1.0,88.862,-65.467,21989.493252337
780,2900114.0,128.0,1.0,89.859,-65.35,21982.5213310122
781,2900114.0,127.0,1.0,90.558,-65.185,21975.5069097281
782,2900114.0,126.0,8.0,92.0339838518108,-64.9704661577211,21968.3643518388
783,2900114.0,125.0,1.0,93.482,-64.76,21961.3571411967
784,2900114.0,124.0,1.0,95.195,-64.448,21954.1984837949
785,2900114.0,131.0,1.0,87.566,-65.306,22003.4893518388
786,2900114.0,123.0,8.0,95.5017884440645,-64.4572336653933,21947.0633217618
787,2900114.0,141.0,8.0,86.9185438239534,-63.863656888134,22073.4090393484
788,2900114.0,143.0,8.0,86.7891997062175,-63.5755168913068,22087.3770486116
789,2900114.0,81.0,1.0,109.142,-64.914,21653.6097453237
790,2900114.0,158.0,8.0,85.8187113394516,-61.4135591632268,22192.1811226904
791,2900114.0,157.0,8.0,85.8833314179427,-61.5575133649124,22185.2027314752
792,2900114.0,156.0,8.0,85.9481245858054,-61.7018531579326,22178.205648154
793,2900114.0,155.0,8.0,86.0127806755165,-61.8458875818424,22171.2233680487
794,2900114.0,154.0,8.0,86.0775639832386,-61.9902054094194,22164.2273495346
795,2900114.0,153.0,8.0,86.1421440846776,-62.1340705541935,22157.2532754838
796,2900114.0,142.0,8.0,86.8539877295809,-63.7198452239217,22080.3805208504
797,2900114.0,152.0,8.0,86.2069370382497,-62.2784098698383,22150.2562153041
798,2900114.0,150.0,8.0,86.3362923024252,-62.5665746975981,22136.287002325094
799,2900114.0,149.0,8.0,86.4009562158925,-62.7106265504961,22129.303877323902
800,2900114.0,148.0,8.0,86.4657249478313,-62.8549119075887,22122.3094328642
801,2900114.0,147.0,8.0,86.5303320577899,-62.998837219264,22115.3324421346
802,2900114.0,146.0,8.0,86.5950955377385,-63.1431108764935,22108.3385648429
803,2900114.0,145.0,8.0,86.6597664177995,-63.2871782488781,22101.3546875119
804,2900114.0,144.0,8.0,86.7245317199801,-63.4314559654955,22094.3606134355
805,2900114.0,151.0,8.0,86.2715197124221,-62.4222807458926,22143.2818634212
806,2900114.0,122.0,8.0,95.8028900775933,-64.4662980780532,21940.0604282431
807,2900114.0,37.0,8.0,114.335084832467,-63.653174602524,21344.1819213033
808,2900114.0,120.0,8.0,96.4037989632349,-64.4843879371037,21926.0847453773
809,2900114.0,98.0,8.0,103.012062405772,-64.6833241770243,21772.3925694525
810,2900114.0,97.0,8.0,103.312532525035,-64.6923695784757,21765.4043634236
811,2900114.0,96.0,8.0,103.613097693639,-64.7014178413081,21758.4139467776
812,2900114.0,95.0,8.0,103.913847491893,-64.7104716622614,21751.4192360938
813,2900114.0,94.0,8.0,104.214484820138,-64.7195220973993,21744.4271411896
814,2900114.0,93.0,8.0,104.513973577003,-64.7285379557572,21737.4617592692
815,2900114.0,92.0,8.0,104.814683063606,-64.7375905631621,21730.4679861367
816,2900114.0,99.0,8.0,102.711470363587,-64.6742751051853,21779.3836111128
817,2900114.0,91.0,8.0,105.114539584382,-64.7466174927446,21723.49405092
818,2900114.0,88.0,8.0,106.016253506513,-64.7737628356494,21702.522372663
819,2900114.0,87.0,8.0,106.316631559543,-64.7828054655239,21695.536307871294
820,2900114.0,86.0,8.0,106.617218624756,-64.7918543875354,21688.5453819633
821,2900114.0,85.0,8.0,106.917368257469,-64.8008901410075,21681.564629674
822,2900114.0,84.0,8.0,107.216702249058,-64.8099013402862,21674.602847218503
823,2900114.0,121.0,8.0,96.1028376665471,-64.475327749167,21933.084375001497
824,2900114.0,83.0,8.0,107.517533162681,-64.8189576031499,21667.6062499881
825,2900114.0,90.0,8.0,105.415230658505,-64.7556695458572,21716.500706017
826,2900114.0,100.0,8.0,102.410781777946,-64.6652231269864,21786.3768981397
827,2900114.0,89.0,8.0,105.715568401163,-64.7647109622217,21709.5155787468
828,2900114.0,102.0,8.0,101.811286210969,-64.6471758147114,21800.3197106421
829,2900114.0,118.0,8.0,97.0048014068229,-64.5024806126379,21912.1068865806
830,2900114.0,101.0,8.0,102.11113128369,-64.6562023996598,21793.3460416794
831,2900114.0,117.0,8.0,97.3047539725881,-64.5115104335745,21905.130717590506
832,2900114.0,116.0,8.0,97.6043805789298,-64.5205304417755,21898.1621296257
833,2900114.0,114.0,8.0,98.2031351490579,-64.5385554469606,21884.2365509123
834,2900114.0,113.0,8.0,98.5039376962654,-64.5476108558771,21877.2406134158
835,2900114.0,112.0,8.0,98.8046178220834,-64.5566625794001,21870.2475231439
836,2900114.0,111.0,8.0,99.1048087601775,-64.5656995763361,21863.2658101916
837,2900114.0,115.0,8.0,97.9038494304815,-64.5295457009005,21891.1972106546
838,2900114.0,110.0,8.0,99.4058387333326,-64.5747618317204,21856.2645833194
839,2900114.0,109.0,8.0,99.7101168500862,-64.5839218697491,21849.1878125072
840,2900114.0,108.0,8.0,100.009533947696,-64.592935570865,21842.2240972072
841,2900114.0,107.0,8.0,100.310226514655,-64.6019876689182,21835.230717584494
842,2900114.0,106.0,8.0,100.609944686845,-64.6110104336324,21828.260000020306
843,2900114.0,105.0,8.0,100.910441181225,-64.6200566290846,21821.2711805701
844,2900114.0,119.0,8.0,96.7039764655011,-64.4934245295654,21919.1033449098
845,2900114.0,104.0,8.0,101.210203645745,-64.6290807271823,21814.2994328737
846,2900114.0,103.0,8.0,101.510371693497,-64.6381170350238,21807.3182522953
